<?xml version="1.0"?>
<doc>
    <assembly>
        <name>SharpMemoryCache</name>
    </assembly>
    <members>
        <member name="T:SharpMemoryCache.TrimmingMemoryCache">
            <summary>
            Operates identically to a regular MemoryCache, except that it properly initiates trims at the configured polling interval based on your memory settings.
            Usage: MemoryCache cache = new TrimmingMemoryCache(...);
            </summary>
        </member>
        <member name="M:SharpMemoryCache.TrimmingMemoryCache.#ctor(System.String,System.Collections.Specialized.NameValueCollection)">
            <summary>
            The constructor.
            </summary>
            <param name="name">The name to use to look up configuration information. Note: It is not required for configuration information to exist for every name. 
            If a matching configuration entry exists, the configuration information is used to configure the MemoryCache instance. If a matching configuration entry 
            does not exist, the name can be accessed through the Name property, because the specified name is associated with the MemoryCache instance. For information 
            about memory cache configuration, see MemoryCacheElement.</param>
            <param name="config">A collection of name/value pairs of configuration information to use for configuring the cache.</param>
        </member>
        <member name="M:SharpMemoryCache.TrimmingMemoryCache.SetMemoryCacheLastTrimGen2Count(System.Object)">
            <summary>
            Sets the MemoryCache._stats._lastTrimGen2Count field to a value.
            </summary>
            <param name="state">The state. Ignored.</param>
        </member>
    </members>
</doc>
